{
  "train_accuracy": 0.9985119047619048,
  "test_accuracy": 0.9964285714285714,
  "macro_precision": 0.9958791208791209,
  "macro_recall": 0.9969361702127659,
  "macro_f1": 0.9963853725683613,
  "per_class": {
    "Anumana": {
      "precision": 1.0,
      "recall": 0.9957446808510638,
      "f1": 0.997867803837953
    },
    "Pratyaksha": {
      "precision": 1.0,
      "recall": 1.0,
      "f1": 1.0
    },
    "Shabda": {
      "precision": 1.0,
      "recall": 0.992,
      "f1": 0.9959839357429718
    },
    "Upamana": {
      "precision": 0.9835164835164835,
      "recall": 1.0,
      "f1": 0.9916897506925207
    }
  },
  "held_out_test_set": {
    "accuracy": 0.76,
    "classification_report": "              precision    recall  f1-score   support\n\n     Anumana     1.0000    0.7273    0.8421        44\n  Pratyaksha     0.6034    0.7609    0.6731        46\n      Shabda     0.7273    0.5614    0.6337        57\n     Upamana     0.8030    1.0000    0.8908        53\n\n    accuracy                         0.7600       200\n   macro avg     0.7834    0.7624    0.7599       200\nweighted avg     0.7789    0.7600    0.7567       200\n"
  }
}